{
  "hash": "c84a1d66",
  "configHash": "fbca0394",
  "lockfileHash": "839b61e6",
  "browserHash": "a19539c3",
  "optimized": {
    "@angular/common/http": {
      "src": "../../../../../node_modules/@angular/common/fesm2022/http.mjs",
      "file": "@angular_common_http.js",
      "fileHash": "550eb59a",
      "needsInterop": false
    },
    "@angular/core": {
      "src": "../../../../../node_modules/@angular/core/fesm2022/core.mjs",
      "file": "@angular_core.js",
      "fileHash": "894ebd13",
      "needsInterop": false
    },
    "@angular/platform-browser": {
      "src": "../../../../../node_modules/@angular/platform-browser/fesm2022/platform-browser.mjs",
      "file": "@angular_platform-browser.js",
      "fileHash": "ec22302a",
      "needsInterop": false
    },
    "@angular/router": {
      "src": "../../../../../node_modules/@angular/router/fesm2022/router.mjs",
      "file": "@angular_router.js",
      "fileHash": "2a3a510e",
      "needsInterop": false
    }
  },
  "chunks": {
    "chunk-TPQ3OFWS": {
      "file": "chunk-TPQ3OFWS.js"
    },
    "chunk-MPLUVVDF": {
      "file": "chunk-MPLUVVDF.js"
    },
    "chunk-DW5SNYKA": {
      "file": "chunk-DW5SNYKA.js"
    }
  }
}